"Name","Internal name","Type","Description","Group name","Form field","Options","Read only value","Read only definition","Calculated","External options","Deleted","HubSpot defined","Created user","Usages","Fill rate","Last Updated Time","Update Source"
"üëî Agency Company Website Domain","agency_company_website_domain","string","This domain represents the Agency linked to the leader, indicating that an agency was involved in the negotiation.
This property is linked to the website domain field of the most recent company, which is connected to this leader with the ‚Äúüëî Agency"" label. 
This ensures that the leader has an Agency company associated with them if one exists. 
To complete this property, the leader‚Äôs owner must associate at least one company with the ‚Äúüëî Agency‚Äù label. ","company_and_contact_details","false","","true","false","true","false","false","false","Nay Luchetti","Dataset (2); Properties v3 card (3)","12.83%","",""
"Annual Revenue Range (Sync from parent company)","annual_revenue_range__sync_from_parent_company_","enumeration","","company_and_contact_details","false","$0 - $1M; $1M - $5M; $5M ‚Äì $10M; $10M - $25M; $25M - $50M; $50M - $100M; $100M - $250M; $250M - $500M; $500M - $1B; $1B+","true","false","true","false","false","false","Nay Luchetti","Report (1); Dataset (1); Sales view (1); Properties v3 card (1)","80.21%","",""
"Associated Contact Persona","associated_contact_persona","enumeration","This property is populated by automation, pulling the information on the Persona field from the first created contact.","company_and_contact_details","false","A Senior or Lead Pastor at a mega church or media ministry who drives digital expansion to reach new audiences and demonstrate measurable impact. (persona_3); An Executive Pastor or C-Suite leader managing people, budgets, and outcomes for a growing ministry or parachurch organization. (persona_5); A Communications or Media Director in a large church, media ministry, or agency focused on crafting engaging digital experiences and measuring audience impact. (persona_1); An Operations or Admin leader responsible for keeping ministry workflows organized, compliant, and efficient. (persona_9); A podcaster, speaker, or content creator producing faith-based content and seeking to grow audience reach with minimal technical complexity. (persona_8); A nonprofit or parachurch executive who uses digital media to advance mission work and demonstrate donor-funded impact. (persona_12); A senior leader or managing partner at a creative or digital agency serving faith-based organizations, ministries, and nonprofits, focused on delivering measurable campaign results and client growth. (persona_4)","true","false","true","false","false","false","Nay Luchetti","Automation platform flow (1); Report (1); Dataset (1); Sales view (1); Properties v3 card (2)","43.85%","",""
"üí≥ Billing Contact Email","billing_contact_email","string","It‚Äôs the email of the üí≥ Billing Contact associated with this leader.
This property is synchronized with the Email field of the most recent CONTACT associated with this Leader, which has the ‚Äúüí≥ Billing Contact‚Äù label. 
This property ensures that this Leader has the Billing Contact associated with it.
To fill this property, the Leader‚Äôs owner must associate at least one CONTACT with the ‚Äúüí≥ Billing Contact‚Äù label.","company_and_contact_details","false","","true","false","true","false","false","false","Nay Luchetti","Dataset (2); Properties list card (1); Properties v3 card (1)","22.99%","",""
"Buyer Persona (Sync from oldest contact)","buyer_persona","string","","company_and_contact_details","true","","false","false","false","false","false","false","Nay Luchetti","Automation platform flow (2); Report (2); Dataset (2); Sales view (8); Properties v3 card (2)","75.94%","",""
"üë∂ Child Company Website Domain","child_company_website_domain","string","This domain represents the Child Company linked to the leader, indicating that multiple companies were involved in the leader‚Äôs negotiation, but it is neither the leading company nor an agency.
This property is linked to the website domain field of the most recent company connected to this leader with the ‚Äúüë∂ Child‚Äù label. 
This ensures that the leader has a Child company associated with them if one exists. 
To complete this property, the leader‚Äôs owner must associate at least one company with the ‚Äúüë∂ Child‚Äù label. ","company_and_contact_details","false","","true","false","true","false","false","false","Nay Luchetti","Dataset (2); Properties v3 card (3)","17.11%","",""
"Church Size (Sync from parent company)","church_size__sync_from_parent_company_","enumeration","","company_and_contact_details","false","0‚Äì199; 200‚Äì399; 400‚Äì1,099; 1,100+","true","false","true","false","false","false","Nay Luchetti","Dataset (1); Sales view (1); Properties v3 card (1)","9.63%","",""
"Company Name (Sync from parent company)","company_name__sync_from_parent_company_","string","","company_and_contact_details","false","","true","false","true","false","false","false","Nay Luchetti","Dataset (1); Sales view (2); Properties v3 card (1)","89.84%","",""
"Contact email (First Created)","contact_email__first_created_","string","","company_and_contact_details","false","","true","false","true","false","false","false","Nay Luchetti","Sales view (1); Properties v3 card (2)","98.4%","",""
"Contact full name (First Created)","contact_full_name__first_created_","string","Concatenate([properties.firstname], "" "", [properties.lastname])","company_and_contact_details","false","","true","false","true","false","false","false","Nay Luchetti","Dataset (1); Sales view (1); Properties v3 card (2)","96.79%","",""
"Contact Job Title (First Created)","contact_job_title__first_created_","enumeration","","company_and_contact_details","false","Senior Pastor/Lead Pastor; Executive Leadership (Executive/Associate Pastor, C-Suite); Communications/Media Director; Content Creator/Host/Speaker; Operations/Admin Leadership; Other Ministry Staff; Other - Government","true","false","true","false","false","false","Nay Luchetti","Report (1); Dataset (1); Sales view (1); Properties v3 card (2)","77.54%","",""
"Date became a Leader (from first close-won deal)","date_became_a_leader","datetime","This synchronizing property retrieves the Close Date value from the deal associated with this leader, labeled as ‚ÄúFirst Closed-Won.‚Äù The AE manually set this value when closing the most recent deal with the leader. If it‚Äôs a win-back, it‚Äôs the date he was brought back as a customer, not the first date.
","company_and_contact_details","false","","true","false","true","false","false","false","Nay Luchetti","Association card (1); Dataset (3); Sales view (18); Association table card (2); Properties v3 card (2); Association v3 card (1)","89.3%","",""
"Denomination (Sync from parent company)","denomination__sync_from_parent_company_","string","","company_and_contact_details","false","","true","false","true","false","false","false","Nay Luchetti","Report (1); Dataset (1)","82.89%","",""
"Description (Sync from parent company)","description__sync_from_parent_company_","string","","company_and_contact_details","false","","true","false","true","false","false","false","Nay Luchetti","Dataset (1); Sales view (1)","89.3%","",""
"Employees Range (Sync from parent company)","employees_range__sync_from_parent_company_","enumeration","","company_and_contact_details","false","Fewer than 10; 10 - 29 (10 - 30); 30 - 49 (30 - 50); 50 ‚Äì 99 (50 ‚Äì 100); 100 ‚Äì 199 (100 ‚Äì 200); 199+","true","false","true","false","false","false","Nay Luchetti","Report (2); Dataset (1); Sales view (1); Properties v3 card (1)","81.82%","",""
"Industry (Sync from parent company)","industry__sync_from_parent_company_","enumeration","","company_and_contact_details","false","Accounting (ACCOUNTING) [READ-ONLY]; Airlines/Aviation (AIRLINES_AVIATION) [READ-ONLY]; Alternative Dispute Resolution (ALTERNATIVE_DISPUTE_RESOLUTION) [READ-ONLY]; Alternative Medicine (ALTERNATIVE_MEDICINE) [READ-ONLY]; Animation (ANIMATION) [READ-ONLY]; Apparel & Fashion (APPAREL_FASHION) [READ-ONLY]; Architecture & Planning (ARCHITECTURE_PLANNING) [READ-ONLY]; Arts and Crafts (ARTS_AND_CRAFTS) [READ-ONLY]; Automotive (AUTOMOTIVE) [READ-ONLY]; Aviation & Aerospace (AVIATION_AEROSPACE) [READ-ONLY]; Banking (BANKING) [READ-ONLY]; Biotechnology (BIOTECHNOLOGY) [READ-ONLY]; Broadcast Media (BROADCAST_MEDIA) [READ-ONLY]; Building Materials (BUILDING_MATERIALS) [READ-ONLY]; Business Supplies and Equipment (BUSINESS_SUPPLIES_AND_EQUIPMENT) [READ-ONLY]; Capital Markets (CAPITAL_MARKETS) [READ-ONLY]; Chemicals (CHEMICALS) [READ-ONLY]; Civic & Social Organization (CIVIC_SOCIAL_ORGANIZATION) [READ-ONLY]; Civil Engineering (CIVIL_ENGINEERING) [READ-ONLY]; Commercial Real Estate (COMMERCIAL_REAL_ESTATE) [READ-ONLY]; Computer & Network Security (COMPUTER_NETWORK_SECURITY) [READ-ONLY]; Computer Games (COMPUTER_GAMES) [READ-ONLY]; Computer Hardware (COMPUTER_HARDWARE) [READ-ONLY]; Computer Networking (COMPUTER_NETWORKING) [READ-ONLY]; Computer Software (COMPUTER_SOFTWARE) [READ-ONLY]; Internet (INTERNET) [READ-ONLY]; Construction (CONSTRUCTION) [READ-ONLY]; Consumer Electronics (CONSUMER_ELECTRONICS) [READ-ONLY]; Consumer Goods (CONSUMER_GOODS) [READ-ONLY]; Consumer Services (CONSUMER_SERVICES) [READ-ONLY]; Cosmetics (COSMETICS) [READ-ONLY]; Dairy (DAIRY) [READ-ONLY]; Defense & Space (DEFENSE_SPACE) [READ-ONLY]; Design (DESIGN) [READ-ONLY]; Education Management (EDUCATION_MANAGEMENT) [READ-ONLY]; E-Learning (E_LEARNING) [READ-ONLY]; Electrical/Electronic Manufacturing (ELECTRICAL_ELECTRONIC_MANUFACTURING) [READ-ONLY]; Entertainment (ENTERTAINMENT) [READ-ONLY]; Environmental Services (ENVIRONMENTAL_SERVICES) [READ-ONLY]; Events Services (EVENTS_SERVICES) [READ-ONLY]; Executive Office (EXECUTIVE_OFFICE) [READ-ONLY]; Facilities Services (FACILITIES_SERVICES) [READ-ONLY]; Farming (FARMING) [READ-ONLY]; Financial Services (FINANCIAL_SERVICES) [READ-ONLY]; Fine Art (FINE_ART) [READ-ONLY]; Fishery (FISHERY) [READ-ONLY]; Food & Beverages (FOOD_BEVERAGES) [READ-ONLY]; Food Production (FOOD_PRODUCTION) [READ-ONLY]; Fund-Raising (FUND_RAISING) [READ-ONLY]; Furniture (FURNITURE) [READ-ONLY]; Gambling & Casinos (GAMBLING_CASINOS) [READ-ONLY]; Glass, Ceramics & Concrete (GLASS_CERAMICS_CONCRETE) [READ-ONLY]; Government Administration (GOVERNMENT_ADMINISTRATION) [READ-ONLY]; Government Relations (GOVERNMENT_RELATIONS) [READ-ONLY]; Graphic Design (GRAPHIC_DESIGN) [READ-ONLY]; Health, Wellness and Fitness (HEALTH_WELLNESS_AND_FITNESS) [READ-ONLY]; Higher Education (HIGHER_EDUCATION) [READ-ONLY]; Hospital & Health Care (HOSPITAL_HEALTH_CARE) [READ-ONLY]; Hospitality (HOSPITALITY) [READ-ONLY]; Human Resources (HUMAN_RESOURCES) [READ-ONLY]; Import and Export (IMPORT_AND_EXPORT) [READ-ONLY]; Individual & Family Services (INDIVIDUAL_FAMILY_SERVICES) [READ-ONLY]; Industrial Automation (INDUSTRIAL_AUTOMATION) [READ-ONLY]; Information Services (INFORMATION_SERVICES) [READ-ONLY]; Information Technology and Services (INFORMATION_TECHNOLOGY_AND_SERVICES) [READ-ONLY]; Insurance (INSURANCE) [READ-ONLY]; International Affairs (INTERNATIONAL_AFFAIRS) [READ-ONLY]; International Trade and Development (INTERNATIONAL_TRADE_AND_DEVELOPMENT) [READ-ONLY]; Investment Banking (INVESTMENT_BANKING) [READ-ONLY]; Investment Management (INVESTMENT_MANAGEMENT) [READ-ONLY]; Judiciary (JUDICIARY) [READ-ONLY]; Law Enforcement (LAW_ENFORCEMENT) [READ-ONLY]; Law Practice (LAW_PRACTICE) [READ-ONLY]; Legal Services (LEGAL_SERVICES) [READ-ONLY]; Legislative Office (LEGISLATIVE_OFFICE) [READ-ONLY]; Leisure, Travel & Tourism (LEISURE_TRAVEL_TOURISM) [READ-ONLY]; Libraries (LIBRARIES) [READ-ONLY]; Logistics and Supply Chain (LOGISTICS_AND_SUPPLY_CHAIN) [READ-ONLY]; Luxury Goods & Jewelry (LUXURY_GOODS_JEWELRY) [READ-ONLY]; Machinery (MACHINERY) [READ-ONLY]; Management Consulting (MANAGEMENT_CONSULTING) [READ-ONLY]; Maritime (MARITIME) [READ-ONLY]; Market Research (MARKET_RESEARCH) [READ-ONLY]; Marketing and Advertising (MARKETING_AND_ADVERTISING) [READ-ONLY]; Mechanical or Industrial Engineering (MECHANICAL_OR_INDUSTRIAL_ENGINEERING) [READ-ONLY]; Media Production (MEDIA_PRODUCTION) [READ-ONLY]; Medical Devices (MEDICAL_DEVICES) [READ-ONLY]; Medical Practice (MEDICAL_PRACTICE) [READ-ONLY]; Mental Health Care (MENTAL_HEALTH_CARE) [READ-ONLY]; Military (MILITARY) [READ-ONLY]; Mining & Metals (MINING_METALS) [READ-ONLY]; Motion Pictures and Film (MOTION_PICTURES_AND_FILM) [READ-ONLY]; Museums and Institutions (MUSEUMS_AND_INSTITUTIONS) [READ-ONLY]; Music (MUSIC) [READ-ONLY]; Nanotechnology (NANOTECHNOLOGY) [READ-ONLY]; Newspapers (NEWSPAPERS) [READ-ONLY]; Non-Profit Organization Management (NON_PROFIT_ORGANIZATION_MANAGEMENT) [READ-ONLY]; Oil & Energy (OIL_ENERGY) [READ-ONLY]; Online Media (ONLINE_MEDIA) [READ-ONLY]; Outsourcing/Offshoring (OUTSOURCING_OFFSHORING) [READ-ONLY]; Package/Freight Delivery (PACKAGE_FREIGHT_DELIVERY) [READ-ONLY]; Packaging and Containers (PACKAGING_AND_CONTAINERS) [READ-ONLY]; Paper & Forest Products (PAPER_FOREST_PRODUCTS) [READ-ONLY]; Performing Arts (PERFORMING_ARTS) [READ-ONLY]; Pharmaceuticals (PHARMACEUTICALS) [READ-ONLY]; Philanthropy (PHILANTHROPY) [READ-ONLY]; Photography (PHOTOGRAPHY) [READ-ONLY]; Plastics (PLASTICS) [READ-ONLY]; Political Organization (POLITICAL_ORGANIZATION) [READ-ONLY]; Primary/Secondary Education (PRIMARY_SECONDARY_EDUCATION) [READ-ONLY]; Printing (PRINTING) [READ-ONLY]; Professional Training & Coaching (PROFESSIONAL_TRAINING_COACHING) [READ-ONLY]; Program Development (PROGRAM_DEVELOPMENT) [READ-ONLY]; Public Policy (PUBLIC_POLICY) [READ-ONLY]; Public Relations and Communications (PUBLIC_RELATIONS_AND_COMMUNICATIONS) [READ-ONLY]; Public Safety (PUBLIC_SAFETY) [READ-ONLY]; Publishing (PUBLISHING) [READ-ONLY]; Railroad Manufacture (RAILROAD_MANUFACTURE) [READ-ONLY]; Ranching (RANCHING) [READ-ONLY]; Real Estate (REAL_ESTATE) [READ-ONLY]; Recreational Facilities and Services (RECREATIONAL_FACILITIES_AND_SERVICES) [READ-ONLY]; Religious Institutions (RELIGIOUS_INSTITUTIONS) [READ-ONLY]; Renewables & Environment (RENEWABLES_ENVIRONMENT) [READ-ONLY]; Research (RESEARCH) [READ-ONLY]; Restaurants (RESTAURANTS) [READ-ONLY]; Retail (RETAIL) [READ-ONLY]; Security and Investigations (SECURITY_AND_INVESTIGATIONS) [READ-ONLY]; Semiconductors (SEMICONDUCTORS) [READ-ONLY]; Shipbuilding (SHIPBUILDING) [READ-ONLY]; Sporting Goods (SPORTING_GOODS) [READ-ONLY]; Sports (SPORTS) [READ-ONLY]; Staffing and Recruiting (STAFFING_AND_RECRUITING) [READ-ONLY]; Supermarkets (SUPERMARKETS) [READ-ONLY]; Telecommunications (TELECOMMUNICATIONS) [READ-ONLY]; Textiles (TEXTILES) [READ-ONLY]; Think Tanks (THINK_TANKS) [READ-ONLY]; Tobacco (TOBACCO) [READ-ONLY]; Translation and Localization (TRANSLATION_AND_LOCALIZATION) [READ-ONLY]; Transportation/Trucking/Railroad (TRANSPORTATION_TRUCKING_RAILROAD) [READ-ONLY]; Utilities (UTILITIES) [READ-ONLY]; Venture Capital & Private Equity (VENTURE_CAPITAL_PRIVATE_EQUITY) [READ-ONLY]; Veterinary (VETERINARY) [READ-ONLY]; Warehousing (WAREHOUSING) [READ-ONLY]; Wholesale (WHOLESALE) [READ-ONLY]; Wine and Spirits (WINE_AND_SPIRITS) [READ-ONLY]; Wireless (WIRELESS) [READ-ONLY]; Writing and Editing (WRITING_AND_EDITING) [READ-ONLY]; Organizations; Business Services; Education; Government; Manufacturing; Media & Internet; Software; Law Firms & Legal Services; Hospitals & Physicians Clinics","true","false","true","false","false","false","Nay Luchetti","Report (1); Dataset (1); Sales view (1); Properties v3 card (1)","75.94%","",""
"Instagram Followers Range (Sync from parent company)","instagram_followers_range__sync_from_parent_company_","enumeration","","company_and_contact_details","false","0 - 10K; 10K - 50K; 50K - 100K; 100K +","true","false","true","false","false","false","Nay Luchetti","Dataset (1); Sales view (1); Properties v3 card (1)","49.73%","",""
"üîë Key Manager Email","key_manager_email","string","It‚Äôs the email of the Key Manager contact associated with this leader.
This property is synchronized with the Email field of the most recent CONTACT associated with this Leader, which has the ‚Äúüîë Key Manager‚Äù label. 
This property ensures that this Leader has the Key Manager associated with it.
To fill this property, the Leader‚Äôs owner must associate at least one CONTACT with the ‚Äúüîë Key Manager‚Äù label.","company_and_contact_details","false","","true","false","true","false","false","false","Nay Luchetti","Dataset (2); Properties list card (1); Properties v3 card (3)","37.43%","",""
"Segment (Sync from parent company)","leader_parent_company_segment","enumeration","It‚Äôs the Segment of the Parent Company associated with this leader.
This property is synchronized with the Segment (Consolidated) field of the most recent COMPANY associated with this Leader, which has the ‚Äú‚òÇÔ∏è Parent‚Äù label.","company_and_contact_details","false","#1 Whale - Over $5M (Whale); #2 Elephant - $3M ‚Äì $5M (Elephant); #3 Deer - $1M ‚Äì $3M (Deer); #4 Rabbit - $500k to $1M (Rabbit); #5 Mouse - Under $500k (Mouse); Ads [HIDDEN]; Education [HIDDEN]; Healthcare [HIDDEN]; Mission [HIDDEN]; Other [HIDDEN]; University [HIDDEN]; Whale/Elephant [HIDDEN]; unknown","true","false","true","false","false","false","Nay Luchetti","Report (4); Dataset (2); Sales view (5); Data highlights card (1); Properties v3 card (2)","88.77%","",""
"Type (Sync from parent company)","leader_parent_company_type","enumeration","It‚Äôs the type of Parent Company associated with this leader.
This property is synchronized with the Leader Type field of the most recent COMPANY associated with this Leader, which has the ‚Äú‚òÇÔ∏è Parent‚Äù label.","company_and_contact_details","false","Church (Mega Church); Parachurch organization; Media Ministry; Podcast (Podcaster); Nonprofit; Agency; Broadcasting platform; Social Network; Media Channel [HIDDEN]; Competitor [HIDDEN]; Ads Agency [HIDDEN]; Other","true","false","true","false","false","false","Nay Luchetti","Report (5); Dataset (2); Sales view (12); Data highlights card (1); Properties v3 card (2)","89.3%","",""
"Most recent close date","most_recent_close_date","datetime","","company_and_contact_details","false","","true","false","true","false","false","false","Nay Luchetti","","89.3%","",""
"Number of locations (Sync from parent company)","number_of_locations__sync_from_parent_company_","number","","company_and_contact_details","false","","true","false","true","false","false","false","Nay Luchetti","Dataset (1); Sales view (1); Properties v3 card (1)","67.91%","",""
"Primary Contact Last Name","primary_contact_last_name","string","","company_and_contact_details","true","","false","false","false","false","false","false","Nay Luchetti","Form (1); Dataset (1); Properties v3 card (1)","10.7%","",""
"Youtube Followers (Sync from parent company)","youtube_followers__sync_from_parent_company_","number","","company_and_contact_details","false","","true","false","true","false","false","false","Nay Luchetti","Dataset (1); Sales view (1); Properties v3 card (1)","64.17%","",""
"Customer Success Manager (CSM)","customer_success_manager__csm_","enumeration","It‚Äôs the Customer Success Manager (CSM) who is responsible for ensuring the success of this customer.","core_info","false","","false","false","false","true","false","false","Nay Luchetti","Dataset (1); Sales view (6); Properties list card (1); Properties v3 card (2)","0%","",""
"Owner assigned date","hubspot_owner_assigneddate","datetime","The most recent timestamp of when an owner was assigned to this record. This value is set automatically by HubSpot.","core_info","false","","true","true","false","false","false","true","HubSpot","Properties v3 card (1)","91.98%","",""
"Owner","hubspot_owner_id","enumeration","The owner of the object.","core_info","false","","false","true","false","true","false","true","HubSpot","Automation platform flow (2); Object requirement (1); Report (1); Dataset (1); Properties list card (1); Properties v3 card (2); Association v3 card (1)","91.98%","",""
"Owner's main team","hubspot_team_id","enumeration","The main team of the record owner. This value is set automatically by HubSpot.","core_info","false","","true","true","false","true","false","true","HubSpot","Properties v3 card (1)","85.03%","",""
"Leader PRAY.COM URL","leader_pray_com_url","string","It is the leader URL on PRAY.COM. This property is essential for linking the customer to their product usage history.","core_info","true","","false","false","false","false","false","false","Nay Luchetti","Automation platform flow (1); Object requirement (1); Dataset (3); Sales view (18); Properties list card (1); Properties v3 card (3)","26.74%","",""
"Account Mapping","account_mapping","enumeration","","discontinued","true","Yes (true); No (false)","false","false","false","false","false","false","Nate Roemer","Report (2); Properties v3 card (2)","52.41%","",""
"AI Org Classification Category (Sync from parent company)","ai_org_classification_category__sync_from_parent_company_","string","","discontinued","false","","true","false","true","false","false","false","Nay Luchetti","Report (1); Dataset (1)","87.17%","",""
"Associated üìå Active Deal Name","associated____active_deal_name","string","It‚Äôs the name of the leader tracker deal associated with this leader.
This property forces the leader tracker deal to be the previous deal on any modeling deals associated with the leader.","discontinued","false","","true","false","true","false","false","false","Nay Luchetti","Automation platform flow (1); Properties v3 card (1)","0%","",""
"Ministry Match Integration","ministry_match_integration","string","","discontinued","true","","false","false","false","false","false","false","Nate Roemer","Report (1); Properties v3 card (2)","26.2%","",""
"Most Recent Closed-Won ARR","most_recent_closed_won_arr","number","ARR from the most recent Closed-Won Deal ","discontinued","false","","true","false","true","false","false","false","Nay Luchetti","Dataset (1); Sales view (4); Properties v3 card (1)","24.06%","",""
"Latest Additional Deal Record ID","most_recent_closed_won_deal_record_id","number","It‚Äôs the Record ID of the Most Recent Closed-Won Deal associated with this leader.
This property is synchronized with the Record ID field of the most recent DEAL associated with this Leader, which has the Latest Additional Deal Record ID
This property ensures that this Leader has the Most Recent Closed-Won associated with it.
To fill this property, the Leader‚Äôs owner must associate at least one DEAL with the Latest Additional Deal Record ID","discontinued","false","","true","false","true","false","false","false","Nay Luchetti","","25.13%","",""
"Most Recent Created Cross-sell Deal Record ID","most_recent_created_cross_sell_deal_record_id__cloned_","number","The Record ID of the Most Recent Created Cross-sell Deal associated with this leader.
This property is populated by workflow.","discontinued","true","","false","false","false","false","false","false","Nay Luchetti","","14.97%","",""
"Most Recent Created Downgrade Deal Record ID","most_recent_created_downgrade_deal_record_id","number","The Record ID of the Most Recent Created Downgrade Deal associated with this leader.
This property is populated by workflow.","discontinued","true","","false","false","false","false","false","false","Nay Luchetti","","3.21%","",""
"Most Recent Created Expansion Deal Record ID","most_recent_created_expansion_deal_record_id","number","The Record ID of the Most Recent Created Expansion Deal associated with this leader.
This property is populated by workflow.","discontinued","true","","false","false","false","false","false","false","Nay Luchetti","","8.56%","",""
"Most Recent Created Partial Churn Deal Record ID","most_recent_created_partial_churn_deal_record_id","number","The Record ID of the Most Recent Created Partial Churn Deal associated with this leader.
This property is populated by workflow.","discontinued","true","","false","false","false","false","false","false","Nay Luchetti","","0%","",""
"Most Recent Created Renewal Deal Record ID","most_recent_created_renewal_deal_record_id","number","The Record ID of the Most Recent Created Renewal Deal associated with this leader.
This property is populated by workflow.","discontinued","true","","false","false","false","false","false","false","Nay Luchetti","","0.53%","",""
"Most Recent Created Upsell Deal Record ID","most_recent_created_upsell_deal_record_id","number","The Record ID of the Most Recent Created Upsell Deal associated with this leader.
This property is populated by workflow.","discontinued","true","","false","false","false","false","false","false","Nay Luchetti","","6.95%","",""
"Most recently created deal Close Date","most_recent_deal_close_date","datetime","","discontinued","false","","true","false","true","false","false","false","Nay Luchetti","","89.3%","",""
"Most recent deal created amount","most_recent_deal_created_amount","number","","discontinued","false","","true","false","true","false","false","false","Nay Luchetti","","89.3%","",""
"Most recent deal created close date","most_recent_deal_created_close_date","datetime","","discontinued","false","","true","false","true","false","false","false","Nay Luchetti","","89.3%","",""
"Most Recent Updated Closed-Won Deal Record ID","most_recent_updated_closed_won_deal_record_id","number","","discontinued","true","","false","false","false","false","false","false","Nay Luchetti","","9.63%","",""
"üìÇ Most recently created Deal Record ID","most_recently_created_deal_record_id","number","The Record ID of the most recently created deal associated with this leader.
This property is synchronized with the Record ID field of the Most recently created DEAL associated with this Leader.","discontinued","false","","true","false","true","false","false","false","Nay Luchetti","","89.84%","",""
"Parent Company Website Domain","parent_company_website_domain","string","Website of the leading company responsible for purchasing and administration (not an agency).
This is automatically populated by copying the information from the Website Domain of the Parent Company associated with this leader.","discontinued","false","","true","false","true","false","false","false","Nay Luchetti","Inbounddb lists (1); Report (1); Dataset (2); Sales view (15); Properties list card (1); Properties v3 card (3)","89.84%","",""
"Primary Contact Email","primary_contact_email","string","","discontinued","true","","false","false","false","false","false","false","Nay Luchetti","Dataset (1); Properties list card (1)","40.64%","",""
"Primary Contact First Name","primary_contact_first_name","string","","discontinued","true","","false","false","false","false","false","false","Nay Luchetti","Form (1); Dataset (1)","10.7%","",""
"Leader Website","leader_domain","string","The official website of the organization associated with the name displayed on the PRAY APP. If the artist type is a Person, this website might be separate from the parent company's site responsible for the purchase. ","key_fiels","true","","false","false","false","false","false","false","Nay Luchetti","Form (1); Rollup property (1); Automation platform flow (2); Dataset (1); Sales view (9); Properties list card (1); Properties v3 card (1)","28.88%","",""
"Leader Name (App Display Name)","leader_name","string","The leader's name as it should appear on the PRAY APP.","key_fiels","true","","false","false","false","false","false","false","Unknown user","Form (2); Rollup property (4); Inbounddb lists (1); Automation platform flow (7); Object requirement (1); Flow action (6); Report (23); Dataset (5); Sales view (22); Properties list card (1); Properties v3 card (3); Write to crm (2)","100%","",""
"Ministry Name","ministry_name","string","Since the leader and ministry names can vary, this field is designated to set both names.","key_fiels","true","","false","false","false","false","false","false","Nay Luchetti","Form (2); Dataset (1); Sales view (9); Properties list card (1); Properties v3 card (2)","35.29%","",""
"Leader Promotional Image (File)","additional_leader_image_for_promotions__1200_x_600px_","string","Leader Image for promotions  (1220px 600px)","leader_assets","true","","false","false","false","true","false","false","Nay Luchetti","Form (2); Automation platform flow (1); Dataset (1); Sales view (2); Properties list card (1); Properties v3 card (2)","10.16%","",""
"Artist Type","artist_type","enumeration","Clay enrichment rules (‚ÄúIf person ‚Üí use LinkedIn; if company ‚Üí use domain‚Äù)","leader_assets","true","Person; Company","false","false","false","false","false","false","Nay Luchetti","Dataset (1); Properties list card (1); Properties v3 card (1)","26.74%","",""
"Leader Audience CSV","claim_your_audience__upload_csv_or_excel_","string","Claim Your Audience (Upload CSV or Excel)","leader_assets","true","","false","false","false","true","false","false","Nay Luchetti","Form (1); Dataset (1); Sales view (2); Properties list card (1); Properties v3 card (1)","2.14%","",""
"Do you have any audio content available?","do_you_have_any_audio_content_available_","enumeration","","leader_assets","true","Yes (true); No (false)","false","false","false","false","false","false","Nay Luchetti","Form (2)","13.9%","",""
"Do you have any lead magnets available?","do_you_have_any_lead_magnets_available_","enumeration","","leader_assets","true","Yes (true); No (false)","false","false","false","false","false","false","Nay Luchetti","Form (2); Sales view (1); Pipeline object tag (1); Properties list card (1); Properties v3 card (1)","18.18%","",""
"Fund ID","fund_id","string","","leader_assets","true","","false","false","false","false","false","false","Nate Roemer","Inbounddb lists (1); Automation platform flow (1); Dataset (1); Sales view (4); Pipeline object tag (1); Properties list card (1); Properties v3 card (1)","22.46%","",""
"Giving Page URL","giving_page_url","string","","leader_assets","true","","false","false","false","false","false","false","Nay Luchetti","Form (1); Dataset (1); Sales view (9); Properties list card (1); Properties v3 card (1)","26.74%","",""
"Leader Lead Magnet Image","high_quality_image_of_your_lead_magnet","string","Leader Image for promotions File (1220px 600px)","leader_assets","true","","false","false","false","true","false","false","Nay Luchetti","Form (2); Dataset (1); Sales view (2); Properties list card (1); Properties v3 card (2)","5.88%","",""
"Leader quote","inspirational_quote_from_the_leader","string","Inspirational quote from the leader related to giving/donating","leader_assets","true","","false","false","false","false","false","false","Nay Luchetti","Form (2); Dataset (1); Sales view (2); Properties list card (1); Properties v3 card (1)","27.81%","",""
"Leader BIO","leader_bio","string","Description of Ministry","leader_assets","true","","false","false","false","false","false","false","Nay Luchetti","Form (1); Dataset (2); Sales view (2); Properties list card (1); Properties v3 card (2)","52.94%","",""
"Leader Headshot","leader_headshot","string","Leader Headshot File (3000x3000)","leader_assets","true","","false","false","false","true","false","false","Nay Luchetti","Form (1); Dataset (1); Sales view (2); Properties v3 card (2)","10.7%","",""
"Leader Headshot (URL)","leader_headshot__url_","string","Leader Headshot URL (3000x3000)","leader_assets","true","","false","false","false","false","false","false","Nay Luchetti","Dataset (1); Sales view (2); Properties v3 card (1)","19.25%","",""
"Leader Instagram","leader_instagram","string","The official Instagram of the brand associated with the name displayed on the PRAY APP. ","leader_assets","true","","false","false","false","false","false","false","Nay Luchetti","Dataset (1); Sales view (9); Properties list card (1); Properties v3 card (1)","25.13%","",""
"Podcast Themes","leader_key_themes","string","The central themes discussed by this leader can be manually populated, or AI enhances the leader bios by utilizing available content shared by this creator.","leader_assets","false","","false","false","false","false","false","false","Nay Luchetti","Dataset (2); Sales view (9); Properties list card (1); Properties v3 card (2)","47.59%","",""
"Leader Lead Magnet PDF","leader_lead_magnet","string","Lead Magnet PDF","leader_assets","true","","false","false","false","true","false","false","Nay Luchetti","Form (2); Automation platform flow (1); Dataset (1); Sales view (2); Pipeline object tag (2); Properties list card (1); Properties v3 card (2)","12.3%","",""
"Leader Lead Magnet (URL)","leader_lead_magnet__url_","string","URL of Leader Lead Magnet","leader_assets","true","","false","false","false","false","false","false","Nay Luchetti","Inbounddb lists (1); Dataset (1); Sales view (2); Properties list card (1); Properties v3 card (1)","25.67%","",""
"Leader Lead Magnet Image (URL)","leader_lead_magnet_image__url_","string","Leader Image for promotions URL (1220px 600px)","leader_assets","true","","false","false","false","false","false","false","Nay Luchetti","Dataset (1); Sales view (2); Properties list card (1); Properties v3 card (1)","14.97%","",""
"Leader LinkedIn","leader_linkedin","string","The official LinkedIn of the brand associated with the name displayed on the PRAY APP.","leader_assets","true","","false","false","false","false","false","false","Nay Luchetti","Dataset (1); Sales view (9); Properties list card (1); Properties v3 card (1)","19.79%","",""
"Leader Logo","leader_logo","string","","leader_assets","true","","false","false","false","true","false","false","Nay Luchetti","Dataset (1); Sales view (2); Properties list card (1); Properties v3 card (2)","0%","",""
"Leader Logo (URL)","leader_logo__url_","string","Leader Logo URL","leader_assets","true","","false","false","false","false","false","false","Nay Luchetti","Dataset (1); Sales view (2); Properties list card (1); Properties v3 card (1)","26.74%","",""
"Leader Promotional Image (URL)","leader_promotional_image__url_","string","URL of Leader Promotional Image","leader_assets","true","","false","false","false","false","false","false","Nay Luchetti","Dataset (1); Sales view (2); Properties list card (1); Properties v3 card (1)","24.06%","",""
"Leader tone","leader_tone","string","The tone of voice used by the leader in his external communications
Example: Lorenzo = passionate, direct, urban-focused, and unafraid to address both spiritual and social/political realities head-on.","leader_assets","true","","false","false","false","false","false","false","Nay Luchetti","Dataset (1); Sales view (2); Properties list card (1); Properties v3 card (1)","26.74%","",""
"Leader Value proposition","leader_value_proposition","string","A list of ways the ministry serves the world with donations","leader_assets","true","","false","false","false","false","false","false","Nay Luchetti","Dataset (1); Sales view (2); Properties list card (1); Properties v3 card (1)","26.74%","",""
"Leader YouTube","leader_youtube","string","The official YouTube of the brand associated with the name displayed on the PRAY APP. ","leader_assets","true","","false","false","false","false","false","false","Nay Luchetti","Dataset (1); Sales view (9); Properties list card (1); Properties v3 card (1)","22.46%","",""
"Podcast Host Name","main_host_of_the_podcast_show_name","string","Primary host of the podcast/show name","leader_assets","true","","false","false","false","false","false","false","Nay Luchetti","Form (1); Dataset (1); Sales view (9); Properties list card (1); Properties v3 card (1)","24.6%","",""
"Leader Mission","ministry_mission_statement","string","Ministry Mission Statement","leader_assets","true","","false","false","false","false","false","false","Nay Luchetti","Form (2); Dataset (1); Sales view (2); Properties list card (1); Properties v3 card (1)","28.88%","",""
"Other broadcast plataforms","other_broadcast_plataforms","string","Another platform that this leader uses to broadcast the duplicate content he is broadcasting is PRAY.COM. This property can be manually populated or enhanced by AI, drawing from the available content shared by this creator.","leader_assets","true","","false","false","false","false","false","false","Nay Luchetti","Dataset (1)","28.88%","",""
"Leader Podcast URL","podcast_url","string","Link to where the audio content can be accessed","leader_assets","false","","false","false","false","false","false","false","Nay Luchetti","Dataset (1); Sales view (9); Properties list card (1); Properties v3 card (1)","23.53%","",""
"RSS Feed URL","rss_feed_url","string","Link to where an RSS feed can be accessed","leader_assets","true","","false","false","false","false","false","false","Nay Luchetti","Form (2); Dataset (1); Sales view (9); Properties list card (1); Properties v3 card (1)","17.65%","",""
"Leader Social Proof","testimonial_from_someone_the_ministry_has_served","string","Testimonial from someone the ministry has served","leader_assets","true","","false","false","false","false","false","false","Nay Luchetti","Dataset (1); Sales view (2); Properties list card (1); Properties v3 card (1)","26.2%","",""
"Earliest service start date (manual)","earlier_service_start_date__date_became_a_leader_","date","Manual property to import the earliest service start date based on line items","leader_lifecycle","false","","false","false","false","false","false","false","Nay Luchetti","Calculated property (1); Report (3); Dataset (1); Sales view (1); Properties v3 card (1); Association v3 card (1)","66.84%","",""
"Pastors Retreat Attendance","pastors_retreat_attendance","enumeration","","leader_lifecycle","true","#1 April 23; #2 September 23; #3 April 24; #4 July 24; #5 August 24; #5 October 24; #6 March 25; #7 June 25; #8 September 25","false","false","false","false","false","false","Nay Luchetti","Report (5); Dataset (2); Sales view (7); Properties v3 card (1)","21.39%","",""
"Active ARR","active_arr","number","","line_item_","false","","true","false","true","false","false","false","Nay Luchetti","Calculated property (1); Association card (1); Data highlights card (1); Properties list card (2); Properties v3 card (1)","33.69%","",""
"Active MRR","active_mrr","number","","line_item_","false","","true","false","true","false","false","false","Nay Luchetti","Properties list card (2); Properties v3 card (1)","33.69%","",""
"Active TCV","active_tcv","number","","line_item_","false","","true","false","true","false","false","false","Nay Luchetti","Properties list card (2); Properties v3 card (1)","33.69%","",""
"ARR Change (active ARR - Net New ARR)","arr_change_active_arr__net_new_arr","number","","line_item_","false","","true","false","true","false","false","false","Nay Luchetti","Properties list card (2); Properties v3 card (1)","26.2%","",""
"Cancelation ARR","cancelation_arr","number","","line_item_","false","","true","false","true","false","false","false","Nay Luchetti","Properties list card (2); Properties v3 card (1)","0%","",""
"Downgrade ARR","downgrade_arr","number","","line_item_","false","","true","false","true","false","false","false","Nay Luchetti","Properties list card (2); Properties v3 card (1)","2.14%","",""
"Expansion ARR","expansion_arr","number","","line_item_","false","","true","false","true","false","false","false","Nay Luchetti","Properties list card (2); Properties v3 card (1)","22.46%","",""
"Inactive ARR","inactive_arr","number","","line_item_","false","","true","false","true","false","false","false","Nay Luchetti","Properties list card (2); Properties v3 card (1)","17.11%","",""
"Inactive MRR","inactive_mrr","number","","line_item_","false","","true","false","true","false","false","false","Nay Luchetti","Properties list card (2); Properties v3 card (1)","17.11%","",""
"Inactive TCV","inactive_tcv","number","","line_item_","false","","true","false","true","false","false","false","Nay Luchetti","Properties list card (2); Properties v3 card (1)","17.11%","",""
"Net New ARR","net_new_arr","number","","line_item_","false","","true","false","true","false","false","false","Nay Luchetti","Calculated property (1); Properties list card (2); Properties v3 card (1)","27.81%","",""
"Goal Slide Deck","goal_slide_deck","string","","ls_milestones","false","","false","false","false","false","false","false","Nate Roemer","Properties v3 card (2)","2.67%","",""
"Goals Recorded","goals_recorded","enumeration","","ls_milestones","true","Yes (true); No (false)","false","false","false","false","false","false","Nate Roemer","Properties v3 card (2)","50.8%","",""
"Live in the App","live_in_the_app","enumeration","","ls_milestones","true","Yes (true); No (false)","false","false","false","false","false","false","Andrea Laurent","Data highlights card (1); Properties v3 card (2)","56.68%","",""
"Ministry Match Turned On","ministry_match_turned_on","enumeration","","ls_milestones","true","Yes (true); No (false)","false","false","false","false","false","false","Andrea Laurent","Data highlights card (1); Properties v3 card (2)","50.27%","",""
"Pitched SuperFunnel","pitched_superfunnel","enumeration","","ls_milestones","true","Yes (true); No (false)","false","false","false","false","false","false","Nate Roemer","Report (1); Properties v3 card (2)","37.97%","",""
"Planning Meeting","planning_meeting","enumeration","","ls_milestones","true","Yes (true); No (false)","false","false","false","false","false","false","Nate Roemer","Report (3); Properties v3 card (2)","49.2%","",""
"Proper Tag Placement","proper_tag_placement","enumeration","","ls_milestones","true","Yes; No","false","false","false","false","false","false","Nate Roemer","Report (1); Properties v3 card (2)","41.71%","",""
"Studio Launched","studio_launched","enumeration","","ls_milestones","true","Yes (true); No (false)","false","false","false","false","false","false","Andrea Laurent","Data highlights card (1); Properties v3 card (2)","59.36%","",""
"Subs+ Launched","subs__launched","enumeration","","ls_milestones","true","Yes (true); No (false)","false","false","false","false","false","false","Andrea Laurent","Report (2); Data highlights card (1); Properties v3 card (2)","58.29%","",""
"ARR (from most recent deal)","annual_recurring_revenue__arr_","number","The annual recurring revenue (ARR) is the active deal‚Äôs annual revenue. It is calculated based on the term length and values of the recurring line items associated with the deal. If there‚Äôs no term length, HubSpot assumes a term of 12 months.

This synchronizing property retrieves the Annual Recurring Revenue (ARR) value from the deal associated with this leader, identified as ‚ÄúActive.‚Äù HubSpot automatically calculates this value based on the line items included in the deal.","most_recent_deal_data","false","","true","false","true","false","false","false","Nay Luchetti","Dataset (1); Sales view (4); Data highlights card (1); Properties v3 card (1)","48.66%","",""
"Auto-Renewal (from most recent deal)","auto_renewal__active_","enumeration","Auto-renewal indicates whether a deal will automatically renew at the end of its term without requiring manual intervention or re-signing. This information reflects the last contracted terms.

This synchronizing property retrieves the auto-renewal value from the deal associated with this leader, labeled as ‚ÄúActive.‚Äù The AE manually set this value when closing the most recent deal with the leader.","most_recent_deal_data","false","Yes; No","true","false","true","false","false","false","Nay Luchetti","Dataset (1); Sales view (4); Properties v3 card (1)","83.96%","",""
"MRR (from most recent deal)","monthly_recurring_revenue__mrr_","number","The monthly recurring revenue (MRR) is the recurring revenue for this leader each month. 
This synchronizing property retrieves the Monthly Recurring Revenue (MRR) value from the deal associated with this leader, identified as ""Active."" HubSpot automatically calculates this value based on the line items included in the deal.","most_recent_deal_data","false","","true","false","true","false","false","false","Nay Luchetti","Dataset (1); Sales view (4); Properties v3 card (1)","48.66%","",""
"Payment Method (from most recent deal)","payment_method__active_","enumeration","Identifies the company payment method. This information reflects the last contracted terms.
This synchronizing property retrieves the Payment Method value from the deal associated with this leader, labeled as ‚ÄúActive.‚Äù The AE manually set this value when closing the most recent deal with the leader.","most_recent_deal_data","false","ACH; Credit Card; Checks; Online Payment","true","false","true","false","false","false","Nay Luchetti","Sales view (4); Properties v3 card (1)","34.22%","",""
"Service End Date (from most recent deal)","service_end_date","date","The date when the last contracted service should end.
This synchronizing property retrieves the Service End Date value from the deal associated with this leader, identified as ‚ÄúActive.‚Äù HubSpot automatically calculates this value based on the line items included in the deal.","most_recent_deal_data","false","","true","false","true","false","false","false","Nay Luchetti","Sales view (4); Data highlights card (1); Properties v3 card (1)","86.63%","",""
"TCV (from most recent deal)","total_contract_value__tcv_","number","The total contract value (TCV) of this leader active contract. It‚Äôs the total value of the deal based on the line items associated, including any recurring revenue and one-time charges.
This synchronizing property retrieves the Total Contract Value (TCV) value from the deal associated with this leader, identified as ‚ÄúActive.‚Äù HubSpot automatically calculates this value based on the line items included in the deal.","most_recent_deal_data","false","","true","false","true","false","false","false","Nay Luchetti","Sales view (4); Properties v3 card (1)","48.66%","",""
"Object Tags","hs_tag_ids","enumeration","List of tag ids applicable to the object. This property is set automatically by HubSpot.","objecttags","false","","true","true","false","true","false","true","HubSpot","Dataset (1); Sales view (4); Properties v3 card (1)","68.45%","",""
"Plan Name (PLG - Sync from contact)","plan_name","string","","plg","false","","true","false","true","false","false","false","Nay Luchetti","Properties v3 card (1)","8.56%","",""
"Subscription End Date  (PLG - Sync from contact)","subscription_end_date","date","","plg","false","","true","false","true","false","false","false","Nay Luchetti","Properties v3 card (1)","0.53%","",""
"Subscription Start Date (PLG - Sync from contact)","subscription_start_date","date","","plg","false","","true","false","true","false","false","false","Nay Luchetti","Sales view (1); Properties v3 card (1)","8.56%","",""
"Trial End Date (PLG - Sync from contact)","trial_end_date","date","","plg","false","","true","false","true","false","false","false","Nay Luchetti","Sales view (1); Properties v3 card (1)","8.56%","",""
"Trial Start Date (PLG - Sync from contact)","trial_start_date","date","","plg","false","","true","false","true","false","false","false","Nay Luchetti","Sales view (1); Properties v3 card (1)","8.02%","",""
"Upsell Solicitation Date (PLG - Sync from contact)","upsell_solicitation_date","date","","plg","false","","true","false","true","false","false","false","Nay Luchetti","Sales view (1); Properties v3 card (1)","1.6%","",""
"Q1 Performance Review","q1_performance_review","date","","quarterly_performance_review","true","","false","false","false","false","false","false","Nate Roemer","Report (1); Data highlights card (1); Properties v3 card (2)","6.42%","",""
"Q2 Performance Review","q2_performance_review","date","","quarterly_performance_review","true","","false","false","false","false","false","false","Nate Roemer","Report (1); Data highlights card (1); Properties v3 card (2)","11.76%","",""
"Q3 Performance Review","q3_performance_review","date","","quarterly_performance_review","true","","false","false","false","false","false","false","Nate Roemer","Report (1); Data highlights card (1); Properties v3 card (2)","20.86%","",""
"Q4 Performance Review","q4_performance_review","date","","quarterly_performance_review","true","","false","false","false","false","false","false","Nate Roemer","Report (1); Data highlights card (1); Properties v3 card (2)","16.04%","",""
"Ministry Match Campaign ID","ministry_match_campaign_id","string","","superfunnel","true","","false","false","false","false","false","false","Nay Luchetti","Inbounddb lists (2); Automation platform flow (1); Sales view (4); Pipeline object tag (1); Properties list card (1); Properties v3 card (1)","8.56%","",""
"Oldest SuperFunnel close date","oldest_superfunnel_close_date","date","","superfunnel","true","","false","false","false","false","false","false","Nay Luchetti","Sales view (1)","0%","",""
"Onboarding Status (from project)","onboarding_status_from_project","enumeration","","superfunnel","false","On Track (on_track); Delayed (delayed); Blocked (blocked); Completed (completed); On-Hold (on_hold); At-Risk (at_risk)","true","false","true","false","false","false","Nay Luchetti","Dataset (1); Sales view (5); Pipeline object tag (6); Properties v3 card (1)","21.93%","",""
"SuperFunnel close date","superfunnel_close_date","datetime","","superfunnel","false","","true","false","true","false","false","false","Nay Luchetti","Automation platform flow (1); Sales view (6); Properties v3 card (1)","21.93%","",""
"SuperFunnel deal close date (Oldest)","superfunnel_deal_close_date_oldest","string","","superfunnel","true","","false","false","false","false","false","false","Nay Luchetti","Sales view (1)","20.86%","",""
"SuperFunnel End Date2","superfunnel_end_date","date","","superfunnel","true","","false","false","false","false","false","false","Nay Luchetti","Write to crm (2)","0%","",""
"SuperFunnel End Date","superfunnel_end_date_unformatted","string","","superfunnel","true","","false","false","false","false","false","false","Nay Luchetti","Sales view (1)","20.86%","",""
"SuperFunnel Launch Date","superfunnel_launch_date","date","","superfunnel","true","","false","false","false","false","false","false","Nay Luchetti","Calculated property (1); Rollup property (1); Inbounddb lists (3); Automation platform flow (2); Dataset (4); Sales view (11); Dependent conditional field (1); Pipeline object tag (2); Properties v3 card (2); Controlling pipeline stage field (1)","14.44%","",""
"SuperFunnel MRR","superfunnel_mrr","number","","superfunnel","true","","false","false","false","false","false","false","Nay Luchetti","Automation platform flow (1); Sales view (6); Properties v3 card (1); Write to crm (2)","20.86%","",""
"SuperFunnel target launch date","superfunnel_target_launch_date","date","","superfunnel","false","","true","false","true","false","false","false","Nay Luchetti","Dataset (1); Sales view (5); Properties v3 card (1)","20.86%","",""
"SuperFunnel Term","superfunnel_term","number","","superfunnel","true","","false","false","false","false","false","false","Nay Luchetti","Sales view (6); Properties v3 card (1); Write to crm (2)","19.25%","",""
"Time Since SF Launch","time_since_sf_launch","date","","superfunnel","false","","true","false","true","false","false","false","Nay Luchetti","Sales view (4)","14.44%","",""
"Closed Won Reason","closed_won_reason","string","The reason the customer signed their first contract with us.
A workflow copies that information when the first closed deal is won.","‚úÖ_first_closed-won","false","","false","false","false","false","false","false","Nay Luchetti","Automation platform flow (2); Dataset (1); Sales view (17); Properties v3 card (2)","52.94%","",""
"First Closed-Won ARR  (Sync First Deal)","first_closed_won_arr","number","The Annual Recurring Revenue Value from the first closed-won deal.
This synchronizing property retrieves the Annual Recurring Revenue  Value from the deal associated with this leader, identified as ‚ÄúFirst Closed-Won.‚Äù HubSpot automatically calculates this value based on the line items included in the deal.","‚úÖ_first_closed-won","false","","true","false","true","false","false","false","Nay Luchetti","Sales view (5); Properties v3 card (2)","28.88%","",""
"First closed won deal name","first_closed_won_deal_name","string","","‚úÖ_first_closed-won","false","","true","false","true","false","false","false","Nay Luchetti","Sales view (6); Properties v3 card (1)","89.3%","",""
"Short Term Goal","first_value_goal","string","A workflow copies that information when the first closed deal is won.","‚úÖ_first_closed-won","false","","false","false","false","false","false","false","Nay Luchetti","Automation platform flow (3); Object requirement (1); Dataset (1); Sales view (18); Properties v3 card (2)","8.56%","",""
"Long Term Goal","long_term_goal","string","A workflow copies that information when the first closed deal is won.","‚úÖ_first_closed-won","true","","false","false","false","false","false","false","Nay Luchetti","Automation platform flow (2); Object requirement (1); Dataset (1); Sales view (17); Properties v3 card (2)","0%","",""
"Service Start Date (from first closed-won deal)","service_start_date_from_first_closedwon_deal","date","","‚úÖ_first_closed-won","false","","true","false","true","false","false","false","Nay Luchetti","Data highlights card (1); Properties list card (1); Properties v3 card (1)","88.77%","",""
"Health Status","health_status","enumeration","","üíü_leader_health_monitoring","true","Active (wip); Pilot (Trial); Inactive; Churned; Free","false","false","false","false","false","false","Nay Luchetti","Inbounddb lists (5); Automation platform flow (4); Report (27); Association card (1); Dataset (3); Sales view (11); Pipeline object tag (1); Association table card (2); Properties list card (1); Properties v3 card (3); Association v3 card (1)","89.84%","",""
"Leader pipeline stage","hs_pipeline_stage","enumeration","The pipeline stage of this Leader","üíü_leader_health_monitoring","true","","false","true","false","true","false","true","HubSpot","Inbounddb lists (3); Automation platform flow (11); Report (8); Dataset (3); Sales view (19); Controlling conditional field (2); Association table card (2); Properties v3 card (3); Association v3 card (1)","98.93%","",""
"Most recent line item","most_recent_line_item","string","","üíü_leader_health_monitoring","false","","true","false","true","false","false","false","Nay Luchetti","Inbounddb lists (1); Sales view (5)","48.66%","",""
"Renewal likelihood","renewal_likelihood","enumeration","","üíü_leader_health_monitoring","false","Low; Medium; High","false","false","false","false","false","false","Nay Luchetti","Dataset (1); Sales view (5); Properties v3 card (1)","2.67%","",""
"SF Activation Stage","sf_activation_stage","enumeration","","üíü_leader_health_monitoring","false","","true","false","true","true","false","false","Nay Luchetti","Dataset (1); Sales view (3); Crm container view (1)","21.93%","",""
"SF Status","sf_status","enumeration","","üíü_leader_health_monitoring","true","To Do; WIP; Live","false","false","false","false","false","false","Nay Luchetti","Dataset (1)","0%","",""
"#1 Executive Onboarding","n1_executive_onboarding","date","","üìÜ_onboarding_meetings","true","","false","false","false","false","false","false","Nate Roemer","Data highlights card (1); Properties v3 card (2)","28.34%","",""
"#2 Technical Onboarding","n2_technical_onboarding","date","","üìÜ_onboarding_meetings","true","","false","false","false","false","false","false","Nate Roemer","Data highlights card (1); Properties v3 card (2)","24.06%","",""
"#3 Studio Tour","n3_studio_tour","date","","üìÜ_onboarding_meetings","true","","false","false","false","false","false","false","Nate Roemer","Data highlights card (1); Properties v3 card (2)","18.72%","",""
"City","city","string","","üìåshipping_address","true","","false","false","false","false","false","false","Andrea Laurent","Automation platform flow (1); Sales view (1); Properties v3 card (1)","42.78%","",""
"State","state","string","","üìåshipping_address","true","","false","false","false","false","false","false","Andrea Laurent","Automation platform flow (1); Sales view (1); Properties v3 card (1)","42.78%","",""
"State Location","state_location","enumeration","","üìåshipping_address","true","Outside The US; Alabama; Alaska; Arizona; Arkansas; California; Colorado; Connecticut; Delaware; Florida; Georgia; Hawaii; Idaho; Illinois; Indiana; Iowa; Kansas; Kentucky; Louisiana; Maine; Maryland; Massachusetts; Michigan; Minnesota; Mississippi; Missouri; Montana; Nebraska; Nevada; New Hampshire; New Jersey; New Mexico; New York; North Carolina; North Dakota; Ohio; Oklahoma; Oregon; Pennsylvania; Rhode Island; South Carolina; South Dakota; Tennessee; Texas; Utah; Vermont; Virginia; Washington; West Virginia; Wisconsin; Wyoming","false","false","false","false","false","false","Nate Roemer","Report (1); Properties v3 card (1)","55.61%","",""
"Street Address","street_address","string","","üìåshipping_address","true","","false","false","false","false","false","false","Andrea Laurent","Automation platform flow (1); Sales view (1); Properties v3 card (1)","42.78%","",""
"Zip Code","zip_code","string","","üìåshipping_address","true","","false","false","false","false","false","false","Andrea Laurent","Automation platform flow (1); Sales view (1); Properties v3 card (1)","42.25%","",""
"CFO","cfo","string","","üìçaccount_mapping","true","","false","false","false","false","false","false","Nate Roemer","Data highlights card (1); Properties v3 card (2)","25.67%","",""
"COO / XP","coo___xp","string","","üìçaccount_mapping","true","","false","false","false","false","false","false","Nate Roemer","Data highlights card (1); Properties v3 card (2)","30.48%","",""
"Leader / CEO","leader___ceo","string","","üìçaccount_mapping","true","","false","false","false","false","false","false","Nate Roemer","Data highlights card (1); Properties v3 card (2)","75.4%","",""
"Point Of Contact","point_of_contact","string","","üìçaccount_mapping","true","","false","false","false","false","false","false","Nate Roemer","Data highlights card (1); Properties v3 card (2)","75.94%","",""
"Product Suite","product_suite","enumeration","","üñ•Ô∏è_product_suite","true","Caas; Ministry Match; PrayRadio (Saturday); PrayRadio (Weekly); PrayTV; PrayTV (Off Hours); Studio Only; Super Funnel; Translations; Subscription +; Announcements; Studio AI Tools","false","false","false","false","false","false","Nate Roemer","Inbounddb lists (1); Automation platform flow (5); Report (3); Dataset (1); Sales view (11); Association table card (2); Properties list card (1); Properties v3 card (2)","71.66%","",""
"Cancellation Date","churn_date","date","The cancellation date is the date the leader permanently canceled the contract. If the leader is still a customer, it will be blank.
Can be manually set or a workflow snapshot of the information from the most recent closed-lost deal when it‚Äôs from a churn pipeline.","üö™_churn_information","true","","false","false","false","false","false","false","Nay Luchetti","Calculated property (1); Automation platform flow (4); Report (3); Dataset (1); Sales view (11); Properties v3 card (2)","38.5%","",""
"Cancellation Reason","churn_reason","enumeration","The reason for the cancellation explains why the leader permanently canceled the contract. If the leader is still a customer, it will be blank.

This synchronizing property retrieves the Cancellation Reason value from the deal associated with this leader, labeled as ‚ÄúActive.‚Äù The AE manually set this value when closing the most recent deal with the leader.","üö™_churn_information","false","üß© Product-Related (Product-Related); üí∞ Pricing & Budget (Pricing & Budget); üìû Support & Service (Support & Service); üè¢ Organizational / Strategic Changes (Organizational / Strategic Changes); üì¶ Vendor Switching (Vendor Switching); üßä Relationship & Engagement (Relationship & Engagement); ‚ùå No Longer Needed (No Longer Needed); Other","true","false","true","false","false","false","Nay Luchetti","Dataset (1); Sales view (10); Properties v3 card (2)","0%","",""
"Leader Lifespan","leader_lifespan","number","The time between a customer‚Äôs first and last purchase, in years 
Formula = Became a customer Date - Churn Date","üö™_churn_information","false","","true","false","true","false","false","false","Nay Luchetti","Report (1); Dataset (1); Sales view (11); Properties v3 card (2)","33.16%","",""
"Most Recent Created Cancellation Deal Record ID","most_recent_created_cancellation_deal_record_id__cloned_","number","The Record ID of the Most Recent Created Cancellation Deal associated with this leader.
This property is populated by workflow.","üö™_churn_information","true","","false","false","false","false","false","false","Nay Luchetti","Properties v3 card (1)","0%","",""
"Specific Cancellation Reason","specific_churn_reason__dependent_dropdown_","string","The specific reason for cancellation explains why the leader permanently canceled the contract. If the leader is still a customer, it will be blank.

A workflow will copy and retrieve the Specific Conditional Cancellation Reason value from the deal associated with this leader, labeled ‚ÄúActive.‚Äù The AE manually set this value when closing the most recent deal with the leader.","üö™_churn_information","false","","false","false","false","false","false","false","Nay Luchetti","Dataset (1); Sales view (11); Dependent conditional field (1); Properties v3 card (1); Controlling pipeline stage field (1)","27.81%","",""
"Created by user ID","hs_created_by_user_id","number","The user who created this record. This value is set automatically by HubSpot.","ü™™_leader_identification","false","","true","true","false","true","false","true","HubSpot","Properties v3 card (1)","5.88%","",""
"Object create date/time","hs_createdate","datetime","The date and time at which this object was created. This value is automatically set by HubSpot and may not be modified.","ü™™_leader_identification","false","","true","true","false","false","false","true","HubSpot","Rollup property (6); Report (9); Sales view (6); Properties v3 card (1)","100%","",""
"Object last modified date/time","hs_lastmodifieddate","datetime","Most recent timestamp of any property update for this object. This includes HubSpot internal properties, which can be visible or hidden. This property is updated automatically.","ü™™_leader_identification","false","","true","true","false","false","false","true","HubSpot","Sales view (5); Properties v3 card (1)","100%","",""
"Merged record IDs","hs_merged_object_ids","enumeration","The list of record IDs that have been merged into this record. This value is set automatically by HubSpot.","ü™™_leader_identification","false","","true","true","false","true","false","true","HubSpot","Properties v3 card (1)","14.44%","",""
"Record ID","hs_object_id","number","The unique ID for this record. This value is set automatically by HubSpot.","ü™™_leader_identification","false","","true","true","false","false","false","true","HubSpot","Inbounddb lists (1); Automation platform flow (1); Report (2); Dataset (6); Sales view (5); Properties v3 card (2)","100%","",""
"Record source detail 1","hs_object_source_detail_1","string","First level of detail on how this record was created.","ü™™_leader_identification","false","","true","true","false","false","false","true","HubSpot","Properties v3 card (1)","94.12%","",""
"Record source detail 2","hs_object_source_detail_2","string","Second level of detail on how this record was created.","ü™™_leader_identification","false","","true","true","false","false","false","true","HubSpot","Properties v3 card (1)","0%","",""
"Record source detail 3","hs_object_source_detail_3","string","Third level of detail on how this record was created.","ü™™_leader_identification","false","","true","true","false","false","false","true","HubSpot","Properties v3 card (1)","0%","",""
"Record source","hs_object_source_label","enumeration","How this record was created.","ü™™_leader_identification","false","","true","true","false","true","false","true","HubSpot","Properties v3 card (1)","100%","",""
"Leader pipeline","hs_pipeline","enumeration","The pipeline of this Leader","ü™™_leader_identification","true","","false","true","false","true","false","true","HubSpot","Inbounddb lists (4); Automation platform flow (6); Object requirement (1); Report (2); Dataset (3); Sales view (10); Pipeline object tag (1); Properties v3 card (2); Crm container view (1)","98.93%","",""
"Shared teams","hs_shared_team_ids","enumeration","Additional teams whose users can access the record based on their permissions. This can be set manually or through Workflows or APIs.","ü™™_leader_identification","false","","false","true","false","true","false","true","HubSpot","Properties v3 card (1)","0%","",""
"Shared users","hs_shared_user_ids","enumeration","Additional users that can access the record based on their permissions. This can be set manually or through Workflows and APIs.","ü™™_leader_identification","false","","false","true","false","true","false","true","HubSpot","Properties v3 card (1)","0%","",""
"Updated by user ID","hs_updated_by_user_id","number","The user who last updated this record. This value is set automatically by HubSpot.","ü™™_leader_identification","false","","true","true","false","true","false","true","HubSpot","Properties v3 card (1)","98.93%","",""
"Leader PRAY ID","leader_pray_id","string","It is the Leader‚Äôs PRAY ID from amplitude. This property is essential for linking the customer to their product usage history.","ü™™_leader_identification","true","","false","false","false","false","false","false","Nay Luchetti","Inbounddb lists (1); Automation platform flow (1); Object requirement (1); Dataset (3); Sales view (6); Pipeline object tag (1); Properties list card (1); Properties v3 card (3)","57.22%","",""
